<?xml version="1.0" encoding="UTF-8"?>
<beans xmlns="http://www.springframework.org/schema/beans"
       xmlns:xsi="http://www.w3.org/2001/XMLSchema-instance"
       xmlns:context="http://www.springframework.org/schema/context"
       xsi:schemaLocation="http://www.springframework.org/schema/beans
            http://www.springframework.org/schema/beans/spring-beans.xsd
            http://www.springframework.org/schema/context
            http://www.springframework.org/schema/context/spring-context-3.0.xsd">
	
	<bean id="myshop" class="com.ty.Shop">
	<constructor-arg value="amith"></constructor-arg>
	<constructor-arg>
	<map>
	<entry key="Apple" value="95.5"></entry>
	<entry key="orange" value="55.5"></entry>
	<entry key="Mango" value="35"></entry>
	</map>
	</constructor-arg>
	</bean>
	
	

</beans>