<?xml version="1.0" encoding="UTF-8"?>
<beans xmlns="http://www.springframework.org/schema/beans"
       xmlns:xsi="http://www.w3.org/2001/XMLSchema-instance"
       xmlns:context="http://www.springframework.org/schema/context"
       xsi:schemaLocation="http://www.springframework.org/schema/beans
            http://www.springframework.org/schema/beans/spring-beans.xsd
            http://www.springframework.org/schema/context
            http://www.springframework.org/schema/context/spring-context-3.0.xsd">
	
	<bean id="mystudent" class="com.ty.Student">
		<property name="name" value="priya"></property>
		<property name="age" value="22"></property>
		<property name="subjectName">
			<list>
				<value>History</value>
				<value>Economics</value>
				<value>Maths</value>
				<value>Science</value>
			</list>
		</property>
	</bean> 
	
	
</beans>