<?xml version="1.0" encoding="UTF-8"?>
<beans xmlns="http://www.springframework.org/schema/beans"
       xmlns:xsi="http://www.w3.org/2001/XMLSchema-instance"
       xmlns:context="http://www.springframework.org/schema/context"
       xsi:schemaLocation="http://www.springframework.org/schema/beans
            http://www.springframework.org/schema/beans/spring-beans.xsd
            http://www.springframework.org/schema/context
            http://www.springframework.org/schema/context/spring-context-3.0.xsd">
	<bean id="mystudent" class ="com.ty.Student" >
	<constructor-arg value = "amith"></constructor-arg>
	</bean>
	
	<bean id = "myteacher" class = "com.ty.Teacher">
	<constructor-arg value="101"></constructor-arg>
	<constructor-arg value="allen"></constructor-arg>
	<constructor-arg value="5.2"></constructor-arg>
	</bean>
	

</beans>