<?xml version="1.0" encoding="UTF-8"?>
<beans xmlns="http://www.springframework.org/schema/beans"
       xmlns:xsi="http://www.w3.org/2001/XMLSchema-instance"
       xmlns:context="http://www.springframework.org/schema/context"
       xsi:schemaLocation="http://www.springframework.org/schema/beans
            http://www.springframework.org/schema/beans/spring-beans.xsd
            http://www.springframework.org/schema/context
            http://www.springframework.org/schema/context/spring-context-3.0.xsd">
	
	<bean id="myshop" class="com.ty.Shop">
	<property name="name" value="Blr shop"></property>
	
	<property name="map">
		<map>
			<entry key="apple" value="89.20"></entry>
			<entry key="mango" value="120.02"></entry>
			<entry key="grape" value="65.65"></entry>
		</map>
	</property>
		
	</bean> 
	
	
</beans>